Workbook

Sheet Exercise List
A1: Exercise List
A2: Legs | B2: Arms | C2: Chest | D2: Back | E2: Shoulders | F2: Core | G2: Cardio
A3: Hack Squat (Upright) | B3: Curls | C3: Dumbbell Press (Flat) | D3: T-Bar Chest Supported Row | E3: Dumbell Lat Raise | F3: Cable Crunch | G3: Assault Bike
A4: Seated Leg Curl | B4: Cable Curl (Looking Away) | C4: Iso Lat Bench | D4: Lat Pulldown Machine | G4: Stairmaster
A5: Hip Abductor (Internal) | B5: Push Down Machine | C5: Incline Smith Machine | D5: Pullups
A6: Hip Abductor (External) | B6: Single Arm Push Down (Matrix) | C6: Chest Press Machine | D6: Iso Lat Row (Hammer Machine)
A7: Hip Thrust Machine | B7: Push Down (Regular) | C7: Bench | D7: Lat Pulldown (Hammer Strength Machine)
A8: Dumbell Split Squat | C8: Chest Fly
C9: Dumbbell Press (Incline)
C10: Cable Chest Press (Incline)

Sheet Legs
A1: LEGS
A2: Date | B2: Exercise | C2: Set | D2: Weight (lb) | E2: Reps | F2: Comment
A3: 46081 | B3: Hack Squat (Upright) | C3: 1 | D3: 105 | E3: 12
A4: 46081 | B4: Hack Squat (Upright) | C4: 2 | D4: 115 | E4: 16
A5: 46081 | B5: Hack Squat (Upright) | C5: 3 | D5: 155 | E5: 8
A6: 46086 | B6: Hack Squat (Upright) | C6: 1 | D6: 155 | E6: 11
A7: 46086 | B7: Hack Squat (Upright) | C7: 2 | D7: 175 | E7: 10
A8: 46086 | B8: Hack Squat (Upright) | C8: 3 | D8: 185 | E8: 10
A9: 46086 | B9: Hack Squat (Upright) | C9: 4 | D9: 195 | E9: 3
A10: 46086 | B10: Hip Abductor (External) | C10: 1 | D10: 110 | E10: 23
A11: 46086 | B11: Hip Abductor (External) | C11: 2 | D11: 130 | E11: 16
A12: 46086 | B12: Hip Abductor (External) | C12: 3 | D12: 140 | E12: 6
A13: 46086 | B13: Hip Abductor (Internal) | C13: 1 | D13: 110 | E13: 20
A14: 46086 | B14: Seated Leg Curl | C14: 1 | D14: 30 | E14: 20
... A36: 46134 | B36: Hip Abductor (External) | C36: 2 | D36: 140 | E36: 12

Sheet Arms
A1: ARMS
A2: Date | B2: Exercise | C2: Set | D2: Weight (lb) | E2: Reps | F2: Comment
A3: 46059 | B3: Single Arm Push Down (Matrix) | C3: 1 | D3: 12.5 | E3: 10
A4: 46059 | B4: Single Arm Push Down (Matrix) | C4: 2 | D4: 12.5 | E4: 10
A5: 46073 | B5: Push Down (Regular) | C5: 1 | D5: 40 | E5: 10
A6: 46073 | B6: Push Down (Regular) | C6: 2 | D6: 35 | E6: 10
A7: 46082 | B7: Curls | C7: 1 | D7: 35 | E7: 6
A8: 46082 | B8: Curls | C8: 2 | D8: 30 | E8: 12
A9: 46082 | B9: Push Down Machine | C9: 1 | D9: 160 | E9: 10
A10: 46082 | B10: Push Down Machine | C10: 2 | D10: 160 | E10: 10
A11: 46082 | B11: Push Down Machine | C11: 3 | D11: 160 | E11: 10
A12: 46095 | B12: Cable Curl (Looking Away) | C12: 1 | D12: 12.5 | E12: 10
A13: 46095 | B13: Cable Curl (Looking Away) | C13: 2 | D13: 17.5 | E13: 10
A14: 46095 | B14: Cable Curl (Looking Away) | C14: 3 | D14: 17.5 | E14: 8
... A47: 46156 | B47: Push Down Machine | C47: 3 | D47: 220 | E47: 8

Sheet Chest
A1: CHEST
A2: Date | B2: Exercise | C2: Set | D2: Weight (lb) | E2: Reps | F2: Comment
A3: 46068 | B3: Bench | C3: 1 | D3: 135 | E3: 10
A4: 46068 | B4: Bench | C4: 2 | D4: 145 | E4: 7
A5: 46073 | B5: Incline Smith Machine | C5: 1 | D5: 45 | E5: 6
A6: 46073 | B6: Incline Smith Machine | C6: 2 | D6: 35 | E6: 12
A7: 46081 | B7: Chest Fly | C7: 1 | D7: 80 | E7: 12
A8: 46081 | B8: Chest Fly | C8: 2 | D8: 100 | E8: 12
A9: 46081 | B9: Chest Fly | C9: 3 | D9: 100 | E9: 9
A10: 46081 | B10: Incline Smith Machine | C10: 1 | D10: 35 | E10: 10
A11: 46081 | B11: Incline Smith Machine | C11: 2 | D11: 45 | E11: 10
A12: 46081 | B12: Incline Smith Machine | C12: 3 | D12: 45 | E12: 8
A13: 46081 | B13: Incline Smith Machine | C13: 4 | D13: 45 | E13: 8
A14: 46081 | B14: Incline Smith Machine | C14: 5 | D14: 45 | E14: 4
... A112: 46230 | B112: Incline Smith Machine | C112: 4 | D112: 45 | E112: 8
A113: 02/72/26 | B113: Chest Fly | C113: 1 | D113: 180 | E113: 9
A114: 02/72/26 | B114: Chest Fly | C114: 2 | D114: 180 | E114: 4
A115: 02/72/26 | B115: Chest Fly | C115: 3 | D115: 160 | E115: 7

Sheet Back
A1: BACK
A2: Date | B2: Exercise | C2: Set | D2: Weight (lb) | E2: Reps | F2: Comment
A3: 46093 | B3: Pullups | C3: 1 | E3: 6
A4: 46093 | B4: Pullups | C4: 2 | E4: 10
A5: 46093 | B5: Pullups | C5: 3 | E5: 7
A6: 46093 | B6: Pullups | C6: 4 | E6: 6
A7: 46097 | B7: Lat Pulldown (Hammer Strength Machine) | C7: 1 | D7: 90 | E7: 10
A8: 46097 | B8: Lat Pulldown (Hammer Strength Machine) | C8: 2 | D8: 90 | E8: 8
A9: 46097 | B9: Lat Pulldown (Hammer Strength Machine) | C9: 3 | D9: 90 | E9: 6
A10: 46104 | B10: Pullups | C10: 1 | E10: 8
A11: 46104 | B11: Pullups | C11: 2 | E11: 10
A12: 46112 | B12: Iso Lat Row (Hammer Machine) | C12: 1 | D12: 45 | E12: 12
A13: 46112 | B13: Iso Lat Row (Hammer Machine) | C13: 2 | D13: 65 | E13: 12
A14: 46112 | B14: Iso Lat Row (Hammer Machine) | C14: 3 | D14: 65 | E14: 12
A15: 46113 | B15: Pullups | C15: 1 | E15: 8
A16: 46113 | B16: T-Bar Chest Supported Row | C16: 1 | D16: 45 | E16: 8
A17: 46113 | B17: T-Bar Chest Supported Row | C17: 2 | D17: 90 | E17: 6
A18: 46113 | B18: T-Bar Chest Supported Row | C18: 3 | D18: 90 | E18: 6
A19: 46119 | B19: Iso Lat Row (Hammer Machine) | C19: 1 | D19: 70 | E19: 12
A20: 46119 | B20: Iso Lat Row (Hammer Machine) | C20: 2 | D20: 45 | E20: 12
A21: 46119 | B21: Iso Lat Row (Hammer Machine) | C21: 3 | D21: 45 | E21: 12
A22: 46119 | B22: Lat Pulldown Machine | C22: 1 | D22: 120 | E22: 12
A23: 46119 | B23: Lat Pulldown Machine | C23: 2 | D23: 100 | E23: 8
A24: 46119 | B24: Pullups | C24: 1 | E24: 13
A25: 46119 | B25: Pullups | C25: 2 | E25: 10
A26: 46119 | B26: Pullups | C26: 3 | E26: 8
A27: 46142 | B27: Iso Lat Row (Hammer Machine) | C27: 1 | D27: 90 | E27: 12
A28: 46142 | B28: Iso Lat Row (Hammer Machine) | C28: 2 | D28: 90 | E28: 10
A29: 46142 | B29: Iso Lat Row (Hammer Machine) | C29: 3 | D29: 90 | E29: 8
A30: 46142 | B30: Lat Pulldown (Hammer Strength Machine) | C30: 1 | D30: 90 | E30: 12
A31: 46142 | B31: Lat Pulldown (Hammer Strength Machine) | C31: 2 | D31: 90 | E31: 12
A32: 46142 | B32: Lat Pulldown (Hammer Strength Machine) | C32: 3 | D32: 90 | E32: 12
A33: 46142 | B33: T-Bar Chest Supported Row | C33: 1 | D33: 90 | E33: 6
A34: 46142 | B34: T-Bar Chest Supported Row | C34: 2 | D34: 80 | E34: 6
A35: 46160 | B35: Lat Pulldown (Hammer Strength Machine) | C35: 1 | D35: 90 | E35: 7
A36: 46160 | B36: Lat Pulldown (Hammer Strength Machine) | C36: 2 | D36: 90 | E36: 14
A37: 46181 | B37: Iso Lat Row (Hammer Machine) | C37: 1 | D37: 90 | E37: 14
A38: 46181 | B38: Iso Lat Row (Hammer Machine) | C38: 2 | D38: 90 | E38: 12
... A48: 46229 | B48: T-Bar Chest Supported Row | C48: 3 | D48: 90 | E48: 8

Sheet Shoulders
A1: SHOULDERS
A2: Date | B2: Exercise | C2: Set | D2: Weight (lb) | E2: Reps | F2: Comment

Sheet Core
A1: ABS
A2: Date | B2: Exercise | C2: Set | D2: Weight (lb) | E2: Reps | F2: Comment
A3: 46145 | B3: Cable Crunch | C3: 1 | D3: 50 | E3: 6

Sheet Cardio
A1: CARDIO
A2: Date | B2: Exercise | C2: Type | D2: Total Time (min) | E2: Work (sec) | F2: Work Zone | G2: Rest (sec) | H2: Rest Zone | I2: Rounds | J2: Comment
A3: 46230 | B3: Assault Bike | C3: Steady State | D3: 5 | F3: Zone 2 | I3: =IF(AND(D3<>"",E3<>"",G3<>""),ROUND(D3*60/(E3+G3),1),"")
I4: =IF(AND(D4<>"",E4<>"",G4<>""),ROUND(D4*60/(E4+G4),1),"")
I5: =IF(AND(D5<>"",E5<>"",G5<>""),ROUND(D5*60/(E5+G5),1),"")
I6: =IF(AND(D6<>"",E6<>"",G6<>""),ROUND(D6*60/(E6+G6),1),"")
I7: =IF(AND(D7<>"",E7<>"",G7<>""),ROUND(D7*60/(E7+G7),1),"")
I8: =IF(AND(D8<>"",E8<>"",G8<>""),ROUND(D8*60/(E8+G8),1),"")
I9: =IF(AND(D9<>"",E9<>"",G9<>""),ROUND(D9*60/(E9+G9),1),"")
I10: =IF(AND(D10<>"",E10<>"",G10<>""),ROUND(D10*60/(E10+G10),1),"")
I11: =IF(AND(D11<>"",E11<>"",G11<>""),ROUND(D11*60/(E11+G11),1),"")
I12: =IF(AND(D12<>"",E12<>"",G12<>""),ROUND(D12*60/(E12+G12),1),"")
I13: =IF(AND(D13<>"",E13<>"",G13<>""),ROUND(D13*60/(E13+G13),1),"")
I14: =IF(AND(D14<>"",E14<>"",G14<>""),ROUND(D14*60/(E14+G14),1),"")
I15: =IF(AND(D15<>"",E15<>"",G15<>""),ROUND(D15*60/(E15+G15),1),"")
... I302: =IF(AND(D302<>"",E302<>"",G302<>""),ROUND(D302*60/(E302+G302),1),"")

Sheet Nutrition
A1: NUTRITION
A2: Log your day. Activity Level is estimated from that day's logged strength sets and cardio minutes.
A3: Date | B3: Calories | C3: Protein (g) | D3: Weight (lb) | E3: Strength Sets | F3: Cardio (min) | G3: Activity Level
E4: =IF($A4="","",COUNTIFS(Legs!$A$3:$A$302,$A4)+COUNTIFS(Arms!$A$3:$A$302,$A4)+COUNTIFS(Chest!$A$3:$A$302,$A4)+COUNTIFS(Back!$A$3:$A$302,$A4)+COUNTIFS(Shoulders!$A$3:$A$302,$A4)+COUNTIFS(Core!$A$3:$A$302,$A4)) | F4: =IF($A4="","",SUMIFS(Cardio!$D$3:$D$302,Cardio!$A$3:$A$302,$A4)) | G4: =IF($A4="","",IF(E4+F4=0,"Rest Day",IF(OR(F4>=45,E4>=20),"High",IF(OR(F4>=20,E4>=10),"Moderate","Light"))))
E5: =IF($A5="","",COUNTIFS(Legs!$A$3:$A$302,$A5)+COUNTIFS(Arms!$A$3:$A$302,$A5)+COUNTIFS(Chest!$A$3:$A$302,$A5)+COUNTIFS(Back!$A$3:$A$302,$A5)+COUNTIFS(Shoulders!$A$3:$A$302,$A5)+COUNTIFS(Core!$A$3:$A$302,$A5)) | F5: =IF($A5="","",SUMIFS(Cardio!$D$3:$D$302,Cardio!$A$3:$A$302,$A5)) | G5: =IF($A5="","",IF(E5+F5=0,"Rest Day",IF(OR(F5>=45,E5>=20),"High",IF(OR(F5>=20,E5>=10),"Moderate","Light"))))
E6: =IF($A6="","",COUNTIFS(Legs!$A$3:$A$302,$A6)+COUNTIFS(Arms!$A$3:$A$302,$A6)+COUNTIFS(Chest!$A$3:$A$302,$A6)+COUNTIFS(Back!$A$3:$A$302,$A6)+COUNTIFS(Shoulders!$A$3:$A$302,$A6)+COUNTIFS(Core!$A$3:$A$302,$A6)) | F6: =IF($A6="","",SUMIFS(Cardio!$D$3:$D$302,Cardio!$A$3:$A$302,$A6)) | G6: =IF($A6="","",IF(E6+F6=0,"Rest Day",IF(OR(F6>=45,E6>=20),"High",IF(OR(F6>=20,E6>=10),"Moderate","Light"))))
E7: =IF($A7="","",COUNTIFS(Legs!$A$3:$A$302,$A7)+COUNTIFS(Arms!$A$3:$A$302,$A7)+COUNTIFS(Chest!$A$3:$A$302,$A7)+COUNTIFS(Back!$A$3:$A$302,$A7)+COUNTIFS(Shoulders!$A$3:$A$302,$A7)+COUNTIFS(Core!$A$3:$A$302,$A7)) | F7: =IF($A7="","",SUMIFS(Cardio!$D$3:$D$302,Cardio!$A$3:$A$302,$A7)) | G7: =IF($A7="","",IF(E7+F7=0,"Rest Day",IF(OR(F7>=45,E7>=20),"High",IF(OR(F7>=20,E7>=10),"Moderate","Light"))))
E8: =IF($A8="","",COUNTIFS(Legs!$A$3:$A$302,$A8)+COUNTIFS(Arms!$A$3:$A$302,$A8)+COUNTIFS(Chest!$A$3:$A$302,$A8)+COUNTIFS(Back!$A$3:$A$302,$A8)+COUNTIFS(Shoulders!$A$3:$A$302,$A8)+COUNTIFS(Core!$A$3:$A$302,$A8)) | F8: =IF($A8="","",SUMIFS(Cardio!$D$3:$D$302,Cardio!$A$3:$A$302,$A8)) | G8: =IF($A8="","",IF(E8+F8=0,"Rest Day",IF(OR(F8>=45,E8>=20),"High",IF(OR(F8>=20,E8>=10),"Moderate","Light"))))
E9: =IF($A9="","",COUNTIFS(Legs!$A$3:$A$302,$A9)+COUNTIFS(Arms!$A$3:$A$302,$A9)+COUNTIFS(Chest!$A$3:$A$302,$A9)+COUNTIFS(Back!$A$3:$A$302,$A9)+COUNTIFS(Shoulders!$A$3:$A$302,$A9)+COUNTIFS(Core!$A$3:$A$302,$A9)) | F9: =IF($A9="","",SUMIFS(Cardio!$D$3:$D$302,Cardio!$A$3:$A$302,$A9)) | G9: =IF($A9="","",IF(E9+F9=0,"Rest Day",IF(OR(F9>=45,E9>=20),"High",IF(OR(F9>=20,E9>=10),"Moderate","Light"))))
E10: =IF($A10="","",COUNTIFS(Legs!$A$3:$A$302,$A10)+COUNTIFS(Arms!$A$3:$A$302,$A10)+COUNTIFS(Chest!$A$3:$A$302,$A10)+COUNTIFS(Back!$A$3:$A$302,$A10)+COUNTIFS(Shoulders!$A$3:$A$302,$A10)+COUNTIFS(Core!$A$3:$A$302,$A10)) | F10: =IF($A10="","",SUMIFS(Cardio!$D$3:$D$302,Cardio!$A$3:$A$302,$A10)) | G10: =IF($A10="","",IF(E10+F10=0,"Rest Day",IF(OR(F10>=45,E10>=20),"High",IF(OR(F10>=20,E10>=10),"Moderate","Light"))))
E11: =IF($A11="","",COUNTIFS(Legs!$A$3:$A$302,$A11)+COUNTIFS(Arms!$A$3:$A$302,$A11)+COUNTIFS(Chest!$A$3:$A$302,$A11)+COUNTIFS(Back!$A$3:$A$302,$A11)+COUNTIFS(Shoulders!$A$3:$A$302,$A11)+COUNTIFS(Core!$A$3:$A$302,$A11)) | F11: =IF($A11="","",SUMIFS(Cardio!$D$3:$D$302,Cardio!$A$3:$A$302,$A11)) | G11: =IF($A11="","",IF(E11+F11=0,"Rest Day",IF(OR(F11>=45,E11>=20),"High",IF(OR(F11>=20,E11>=10),"Moderate","Light"))))
E12: =IF($A12="","",COUNTIFS(Legs!$A$3:$A$302,$A12)+COUNTIFS(Arms!$A$3:$A$302,$A12)+COUNTIFS(Chest!$A$3:$A$302,$A12)+COUNTIFS(Back!$A$3:$A$302,$A12)+COUNTIFS(Shoulders!$A$3:$A$302,$A12)+COUNTIFS(Core!$A$3:$A$302,$A12)) | F12: =IF($A12="","",SUMIFS(Cardio!$D$3:$D$302,Cardio!$A$3:$A$302,$A12)) | G12: =IF($A12="","",IF(E12+F12=0,"Rest Day",IF(OR(F12>=45,E12>=20),"High",IF(OR(F12>=20,E12>=10),"Moderate","Light"))))
E13: =IF($A13="","",COUNTIFS(Legs!$A$3:$A$302,$A13)+COUNTIFS(Arms!$A$3:$A$302,$A13)+COUNTIFS(Chest!$A$3:$A$302,$A13)+COUNTIFS(Back!$A$3:$A$302,$A13)+COUNTIFS(Shoulders!$A$3:$A$302,$A13)+COUNTIFS(Core!$A$3:$A$302,$A13)) | F13: =IF($A13="","",SUMIFS(Cardio!$D$3:$D$302,Cardio!$A$3:$A$302,$A13)) | G13: =IF($A13="","",IF(E13+F13=0,"Rest Day",IF(OR(F13>=45,E13>=20),"High",IF(OR(F13>=20,E13>=10),"Moderate","Light"))))
E14: =IF($A14="","",COUNTIFS(Legs!$A$3:$A$302,$A14)+COUNTIFS(Arms!$A$3:$A$302,$A14)+COUNTIFS(Chest!$A$3:$A$302,$A14)+COUNTIFS(Back!$A$3:$A$302,$A14)+COUNTIFS(Shoulders!$A$3:$A$302,$A14)+COUNTIFS(Core!$A$3:$A$302,$A14)) | F14: =IF($A14="","",SUMIFS(Cardio!$D$3:$D$302,Cardio!$A$3:$A$302,$A14)) | G14: =IF($A14="","",IF(E14+F14=0,"Rest Day",IF(OR(F14>=45,E14>=20),"High",IF(OR(F14>=20,E14>=10),"Moderate","Light"))))
E15: =IF($A15="","",COUNTIFS(Legs!$A$3:$A$302,$A15)+COUNTIFS(Arms!$A$3:$A$302,$A15)+COUNTIFS(Chest!$A$3:$A$302,$A15)+COUNTIFS(Back!$A$3:$A$302,$A15)+COUNTIFS(Shoulders!$A$3:$A$302,$A15)+COUNTIFS(Core!$A$3:$A$302,$A15)) | F15: =IF($A15="","",SUMIFS(Cardio!$D$3:$D$302,Cardio!$A$3:$A$302,$A15)) | G15: =IF($A15="","",IF(E15+F15=0,"Rest Day",IF(OR(F15>=45,E15>=20),"High",IF(OR(F15>=20,E15>=10),"Moderate","Light"))))
... E303: =IF($A303="","",COUNTIFS(Legs!$A$3:$A$302,$A303)+COUNTIFS(Arms!$A$3:$A$302,$A303)+COUNTIFS(Chest!$A$3:$A$302,$A303)+COUNTIFS(Back!$A$3:$A$302,$A303)+COUNTIFS(Shoulders!$A$3:$A$302,$A303)+COUNTIFS(Core!$A$3:$A$302,$A303)) | F303: =IF($A303="","",SUMIFS(Cardio!$D$3:$D$302,Cardio!$A$3:$A$302,$A303)) | G303: =IF($A303="","",IF(E303+F303=0,"Rest Day",IF(OR(F303>=45,E303>=20),"High",IF(OR(F303>=20,E303>=10),"Moderate","Light"))))

Sheet Notes
A1: Notes
A2: Date | B2: Muscle Group | C2: Note
